"id","nome","endereco","telefone"
"1","Cliente 1","Endereco 1, Cidade 1","Telefone 86839192"
"2","Cliente 2","Endereco 2, Cidade 2","Telefone 65360380"
"3","Cliente 3","Endereco 3, Cidade 3","Telefone 27656084"
"4","Cliente 4","Endereco 4, Cidade 4","Telefone 83970106"
"5","Cliente 5","Endereco 5, Cidade 5","Telefone 10360552"
"6","Cliente 6","Endereco 6, Cidade 6","Telefone 49585678"
"7","Cliente 7","Endereco 7, Cidade 7","Telefone 20829998"
"8","Cliente 8","Endereco 8, Cidade 8","Telefone 28140830"
"9","Cliente 9","Endereco 9, Cidade 9","Telefone 67468114"
"10","Cliente 10","Endereco 10, Cidade 10","Telefone 22147927"
"11","Cliente 11","Endereco 11, Cidade 11","Telefone 43882350"
"12","Cliente 12","Endereco 12, Cidade 12","Telefone 62232393"
"13","Cliente 13","Endereco 13, Cidade 13","Telefone 72211846"
"14","Cliente 14","Endereco 14, Cidade 14","Telefone 50432571"
"15","Cliente 15","Endereco 15, Cidade 15","Telefone 30107510"
"16","Cliente 16","Endereco 16, Cidade 16","Telefone 96804662"
"17","Cliente 17","Endereco 17, Cidade 17","Telefone 82606716"
"18","Cliente 18","Endereco 18, Cidade 18","Telefone 91042422"
"19","Cliente 19","Endereco 19, Cidade 19","Telefone 57654284"
"20","Cliente 20","Endereco 20, Cidade 20","Telefone 13758725"
"21","Cliente 21","Endereco 21, Cidade 21","Telefone 63750488"
"22","Cliente 22","Endereco 22, Cidade 22","Telefone 80765979"
"23","Cliente 23","Endereco 23, Cidade 23","Telefone 53345298"
"24","Cliente 24","Endereco 24, Cidade 24","Telefone 24826156"
"25","Cliente 25","Endereco 25, Cidade 25","Telefone 39273912"
"26","Cliente 26","Endereco 26, Cidade 26","Telefone 10132734"
"27","Cliente 27","Endereco 27, Cidade 27","Telefone 96106972"
"28","Cliente 28","Endereco 28, Cidade 28","Telefone 78743863"
"29","Cliente 29","Endereco 29, Cidade 29","Telefone 13878804"
"30","Cliente 30","Endereco 30, Cidade 30","Telefone 87100853"
"31","Cliente 31","Endereco 31, Cidade 31","Telefone 31693916"
"32","Cliente 32","Endereco 32, Cidade 32","Telefone 82753912"
"33","Cliente 33","Endereco 33, Cidade 33","Telefone 75549656"
"34","Cliente 34","Endereco 34, Cidade 34","Telefone 84162608"
"35","Cliente 35","Endereco 35, Cidade 35","Telefone 47807252"
"36","Cliente 36","Endereco 36, Cidade 36","Telefone 95961046"
"37","Cliente 37","Endereco 37, Cidade 37","Telefone 20066344"
"38","Cliente 38","Endereco 38, Cidade 38","Telefone 38126111"
"39","Cliente 39","Endereco 39, Cidade 39","Telefone 01932895"
"40","Cliente 40","Endereco 40, Cidade 40","Telefone 90070479"
"41","Cliente 41","Endereco 41, Cidade 41","Telefone 70668333"
"42","Cliente 42","Endereco 42, Cidade 42","Telefone 48117398"
"43","Cliente 43","Endereco 43, Cidade 43","Telefone 34748508"
"44","Cliente 44","Endereco 44, Cidade 44","Telefone 09633138"
"45","Cliente 45","Endereco 45, Cidade 45","Telefone 56441451"
"46","Cliente 46","Endereco 46, Cidade 46","Telefone 23181821"
"47","Cliente 47","Endereco 47, Cidade 47","Telefone 43043320"
"48","Cliente 48","Endereco 48, Cidade 48","Telefone 96138063"
"49","Cliente 49","Endereco 49, Cidade 49","Telefone 45575736"
"50","Cliente 50","Endereco 50, Cidade 50","Telefone 94854271"
"51","Cliente 51","Endereco 51, Cidade 51","Telefone 77270336"
"52","Cliente 52","Endereco 52, Cidade 52","Telefone 61823587"
"53","Cliente 53","Endereco 53, Cidade 53","Telefone 51517149"
"54","Cliente 54","Endereco 54, Cidade 54","Telefone 01085802"
"55","Cliente 55","Endereco 55, Cidade 55","Telefone 79426257"
"56","Cliente 56","Endereco 56, Cidade 56","Telefone 11214536"
"57","Cliente 57","Endereco 57, Cidade 57","Telefone 43413325"
"58","Cliente 58","Endereco 58, Cidade 58","Telefone 60398528"
"59","Cliente 59","Endereco 59, Cidade 59","Telefone 60037927"
"60","Cliente 60","Endereco 60, Cidade 60","Telefone 63640057"
"61","Cliente 61","Endereco 61, Cidade 61","Telefone 14363197"
"62","Cliente 62","Endereco 62, Cidade 62","Telefone 82694994"
"63","Cliente 63","Endereco 63, Cidade 63","Telefone 42831178"
"64","Cliente 64","Endereco 64, Cidade 64","Telefone 72508504"
"65","Cliente 65","Endereco 65, Cidade 65","Telefone 66963393"
"66","Cliente 66","Endereco 66, Cidade 66","Telefone 11409409"
"67","Cliente 67","Endereco 67, Cidade 67","Telefone 27667986"
"68","Cliente 68","Endereco 68, Cidade 68","Telefone 52448746"
"69","Cliente 69","Endereco 69, Cidade 69","Telefone 32927087"
"70","Cliente 70","Endereco 70, Cidade 70","Telefone 78596434"
"71","Cliente 71","Endereco 71, Cidade 71","Telefone 22082968"
"72","Cliente 72","Endereco 72, Cidade 72","Telefone 45773085"
"73","Cliente 73","Endereco 73, Cidade 73","Telefone 10661406"
"74","Cliente 74","Endereco 74, Cidade 74","Telefone 37024693"
"75","Cliente 75","Endereco 75, Cidade 75","Telefone 67912172"
"76","Cliente 76","Endereco 76, Cidade 76","Telefone 57675959"
"77","Cliente 77","Endereco 77, Cidade 77","Telefone 92438181"
"78","Cliente 78","Endereco 78, Cidade 78","Telefone 33166921"
"79","Cliente 79","Endereco 79, Cidade 79","Telefone 66012655"
"80","Cliente 80","Endereco 80, Cidade 80","Telefone 72832073"
"81","Cliente 81","Endereco 81, Cidade 81","Telefone 18426515"
"82","Cliente 82","Endereco 82, Cidade 82","Telefone 02266756"
"83","Cliente 83","Endereco 83, Cidade 83","Telefone 53971020"
"84","Cliente 84","Endereco 84, Cidade 84","Telefone 14114455"
"85","Cliente 85","Endereco 85, Cidade 85","Telefone 32949914"
"86","Cliente 86","Endereco 86, Cidade 86","Telefone 18746872"
"87","Cliente 87","Endereco 87, Cidade 87","Telefone 55276512"
"88","Cliente 88","Endereco 88, Cidade 88","Telefone 60825641"
"89","Cliente 89","Endereco 89, Cidade 89","Telefone 42561840"
"90","Cliente 90","Endereco 90, Cidade 90","Telefone 60166271"
"91","Cliente 91","Endereco 91, Cidade 91","Telefone 03252078"
"92","Cliente 92","Endereco 92, Cidade 92","Telefone 30417069"
"93","Cliente 93","Endereco 93, Cidade 93","Telefone 73860693"
"94","Cliente 94","Endereco 94, Cidade 94","Telefone 80635444"
"95","Cliente 95","Endereco 95, Cidade 95","Telefone 56336668"
"96","Cliente 96","Endereco 96, Cidade 96","Telefone 00270477"
"97","Cliente 97","Endereco 97, Cidade 97","Telefone 72183648"
"98","Cliente 98","Endereco 98, Cidade 98","Telefone 18595097"
"99","Cliente 99","Endereco 99, Cidade 99","Telefone 80334553"
"100","Cliente 100","Endereco 100, Cidade 0","Telefone 48247115"
"101","Cliente 101","Endereco 101, Cidade 1","Telefone 03366861"
"102","Cliente 102","Endereco 102, Cidade 2","Telefone 00314677"
"103","Cliente 103","Endereco 103, Cidade 3","Telefone 93949893"
"104","Cliente 104","Endereco 104, Cidade 4","Telefone 74342341"
"105","Cliente 105","Endereco 105, Cidade 5","Telefone 11824433"
"106","Cliente 106","Endereco 106, Cidade 6","Telefone 87121346"
"107","Cliente 107","Endereco 107, Cidade 7","Telefone 62583560"
"108","Cliente 108","Endereco 108, Cidade 8","Telefone 31495020"
"109","Cliente 109","Endereco 109, Cidade 9","Telefone 44902084"
"110","Cliente 110","Endereco 110, Cidade 10","Telefone 32954898"
"111","Cliente 111","Endereco 111, Cidade 11","Telefone 57436643"
"112","Cliente 112","Endereco 112, Cidade 12","Telefone 97375075"
"113","Cliente 113","Endereco 113, Cidade 13","Telefone 88602983"
"114","Cliente 114","Endereco 114, Cidade 14","Telefone 81988894"
"115","Cliente 115","Endereco 115, Cidade 15","Telefone 76218904"
"116","Cliente 116","Endereco 116, Cidade 16","Telefone 98570486"
"117","Cliente 117","Endereco 117, Cidade 17","Telefone 31972348"
"118","Cliente 118","Endereco 118, Cidade 18","Telefone 35162197"
"119","Cliente 119","Endereco 119, Cidade 19","Telefone 70663076"
"120","Cliente 120","Endereco 120, Cidade 20","Telefone 22486273"
"121","Cliente 121","Endereco 121, Cidade 21","Telefone 63317624"
"122","Cliente 122","Endereco 122, Cidade 22","Telefone 73200611"
"123","Cliente 123","Endereco 123, Cidade 23","Telefone 91284348"
"124","Cliente 124","Endereco 124, Cidade 24","Telefone 95183084"
"125","Cliente 125","Endereco 125, Cidade 25","Telefone 79477452"
"126","Cliente 126","Endereco 126, Cidade 26","Telefone 42632516"
"127","Cliente 127","Endereco 127, Cidade 27","Telefone 02204767"
"128","Cliente 128","Endereco 128, Cidade 28","Telefone 91728809"
"129","Cliente 129","Endereco 129, Cidade 29","Telefone 31231679"
"130","Cliente 130","Endereco 130, Cidade 30","Telefone 54386546"
"131","Cliente 131","Endereco 131, Cidade 31","Telefone 11220192"
"132","Cliente 132","Endereco 132, Cidade 32","Telefone 69981983"
"133","Cliente 133","Endereco 133, Cidade 33","Telefone 55763891"
"134","Cliente 134","Endereco 134, Cidade 34","Telefone 53291318"
"135","Cliente 135","Endereco 135, Cidade 35","Telefone 11840048"
"136","Cliente 136","Endereco 136, Cidade 36","Telefone 30412743"
"137","Cliente 137","Endereco 137, Cidade 37","Telefone 20517119"
"138","Cliente 138","Endereco 138, Cidade 38","Telefone 04360810"
"139","Cliente 139","Endereco 139, Cidade 39","Telefone 87054434"
"140","Cliente 140","Endereco 140, Cidade 40","Telefone 69632197"
"141","Cliente 141","Endereco 141, Cidade 41","Telefone 68702274"
"142","Cliente 142","Endereco 142, Cidade 42","Telefone 54067085"
"143","Cliente 143","Endereco 143, Cidade 43","Telefone 19531581"
"144","Cliente 144","Endereco 144, Cidade 44","Telefone 15797613"
"145","Cliente 145","Endereco 145, Cidade 45","Telefone 10685523"
"146","Cliente 146","Endereco 146, Cidade 46","Telefone 74431621"
"147","Cliente 147","Endereco 147, Cidade 47","Telefone 43527726"
"148","Cliente 148","Endereco 148, Cidade 48","Telefone 41954583"
"149","Cliente 149","Endereco 149, Cidade 49","Telefone 90693567"
"150","Cliente 150","Endereco 150, Cidade 50","Telefone 08146003"
"151","Cliente 151","Endereco 151, Cidade 51","Telefone 44104658"
"152","Cliente 152","Endereco 152, Cidade 52","Telefone 39833190"
"153","Cliente 153","Endereco 153, Cidade 53","Telefone 56138714"
"154","Cliente 154","Endereco 154, Cidade 54","Telefone 63635571"
"155","Cliente 155","Endereco 155, Cidade 55","Telefone 70814182"
"156","Cliente 156","Endereco 156, Cidade 56","Telefone 42605961"
"157","Cliente 157","Endereco 157, Cidade 57","Telefone 05810155"
"158","Cliente 158","Endereco 158, Cidade 58","Telefone 92974760"
"159","Cliente 159","Endereco 159, Cidade 59","Telefone 99133334"
"160","Cliente 160","Endereco 160, Cidade 60","Telefone 79798652"
"161","Cliente 161","Endereco 161, Cidade 61","Telefone 30935675"
"162","Cliente 162","Endereco 162, Cidade 62","Telefone 05562888"
"163","Cliente 163","Endereco 163, Cidade 63","Telefone 32622159"
"164","Cliente 164","Endereco 164, Cidade 64","Telefone 97610624"
"165","Cliente 165","Endereco 165, Cidade 65","Telefone 62743879"
"166","Cliente 166","Endereco 166, Cidade 66","Telefone 56926229"
"167","Cliente 167","Endereco 167, Cidade 67","Telefone 15448435"
"168","Cliente 168","Endereco 168, Cidade 68","Telefone 73693280"
"169","Cliente 169","Endereco 169, Cidade 69","Telefone 90069086"
"170","Cliente 170","Endereco 170, Cidade 70","Telefone 11789951"
"171","Cliente 171","Endereco 171, Cidade 71","Telefone 65352345"
"172","Cliente 172","Endereco 172, Cidade 72","Telefone 28864493"
"173","Cliente 173","Endereco 173, Cidade 73","Telefone 48091284"
"174","Cliente 174","Endereco 174, Cidade 74","Telefone 03269750"
"175","Cliente 175","Endereco 175, Cidade 75","Telefone 68994291"
"176","Cliente 176","Endereco 176, Cidade 76","Telefone 23352798"
"177","Cliente 177","Endereco 177, Cidade 77","Telefone 43023142"
"178","Cliente 178","Endereco 178, Cidade 78","Telefone 56316174"
"179","Cliente 179","Endereco 179, Cidade 79","Telefone 48039456"
"180","Cliente 180","Endereco 180, Cidade 80","Telefone 39723807"
"181","Cliente 181","Endereco 181, Cidade 81","Telefone 38072048"
"182","Cliente 182","Endereco 182, Cidade 82","Telefone 14065830"
"183","Cliente 183","Endereco 183, Cidade 83","Telefone 42994288"
"184","Cliente 184","Endereco 184, Cidade 84","Telefone 64182712"
"185","Cliente 185","Endereco 185, Cidade 85","Telefone 59890388"
"186","Cliente 186","Endereco 186, Cidade 86","Telefone 69401111"
"187","Cliente 187","Endereco 187, Cidade 87","Telefone 97241291"
"188","Cliente 188","Endereco 188, Cidade 88","Telefone 34449284"
"189","Cliente 189","Endereco 189, Cidade 89","Telefone 02655781"
"190","Cliente 190","Endereco 190, Cidade 90","Telefone 90434584"
"191","Cliente 191","Endereco 191, Cidade 91","Telefone 09265650"
"192","Cliente 192","Endereco 192, Cidade 92","Telefone 59609388"
"193","Cliente 193","Endereco 193, Cidade 93","Telefone 56446455"
"194","Cliente 194","Endereco 194, Cidade 94","Telefone 81294477"
"195","Cliente 195","Endereco 195, Cidade 95","Telefone 68241656"
"196","Cliente 196","Endereco 196, Cidade 96","Telefone 93747129"
"197","Cliente 197","Endereco 197, Cidade 97","Telefone 54086392"
"198","Cliente 198","Endereco 198, Cidade 98","Telefone 87526188"
"199","Cliente 199","Endereco 199, Cidade 99","Telefone 06769381"
"200","Cliente 200","Endereco 200, Cidade 0","Telefone 75434908"
"201","Cliente 201","Endereco 201, Cidade 1","Telefone 10167342"
"202","Cliente 202","Endereco 202, Cidade 2","Telefone 34612525"
"203","Cliente 203","Endereco 203, Cidade 3","Telefone 06168520"
"204","Cliente 204","Endereco 204, Cidade 4","Telefone 51320310"
"205","Cliente 205","Endereco 205, Cidade 5","Telefone 04244079"
"206","Cliente 206","Endereco 206, Cidade 6","Telefone 03272206"
"207","Cliente 207","Endereco 207, Cidade 7","Telefone 70928480"
"208","Cliente 208","Endereco 208, Cidade 8","Telefone 91537772"
"209","Cliente 209","Endereco 209, Cidade 9","Telefone 41376977"
"210","Cliente 210","Endereco 210, Cidade 10","Telefone 14937072"
"211","Cliente 211","Endereco 211, Cidade 11","Telefone 00566889"
"212","Cliente 212","Endereco 212, Cidade 12","Telefone 78207592"
"213","Cliente 213","Endereco 213, Cidade 13","Telefone 39059288"
"214","Cliente 214","Endereco 214, Cidade 14","Telefone 66105125"
"215","Cliente 215","Endereco 215, Cidade 15","Telefone 63310067"
"216","Cliente 216","Endereco 216, Cidade 16","Telefone 41271359"
"217","Cliente 217","Endereco 217, Cidade 17","Telefone 50353877"
"218","Cliente 218","Endereco 218, Cidade 18","Telefone 41225370"
"219","Cliente 219","Endereco 219, Cidade 19","Telefone 96619030"
"220","Cliente 220","Endereco 220, Cidade 20","Telefone 48043794"
"221","Cliente 221","Endereco 221, Cidade 21","Telefone 14853737"
"222","Cliente 222","Endereco 222, Cidade 22","Telefone 21687919"
"223","Cliente 223","Endereco 223, Cidade 23","Telefone 58655018"
"224","Cliente 224","Endereco 224, Cidade 24","Telefone 36091927"
"225","Cliente 225","Endereco 225, Cidade 25","Telefone 57894200"
"226","Cliente 226","Endereco 226, Cidade 26","Telefone 71950512"
"227","Cliente 227","Endereco 227, Cidade 27","Telefone 79003640"
"228","Cliente 228","Endereco 228, Cidade 28","Telefone 65047737"
"229","Cliente 229","Endereco 229, Cidade 29","Telefone 61301201"
"230","Cliente 230","Endereco 230, Cidade 30","Telefone 65070140"
"231","Cliente 231","Endereco 231, Cidade 31","Telefone 53531071"
"232","Cliente 232","Endereco 232, Cidade 32","Telefone 00006345"
"233","Cliente 233","Endereco 233, Cidade 33","Telefone 54594461"
"234","Cliente 234","Endereco 234, Cidade 34","Telefone 10686114"
"235","Cliente 235","Endereco 235, Cidade 35","Telefone 38007006"
"236","Cliente 236","Endereco 236, Cidade 36","Telefone 69098231"
"237","Cliente 237","Endereco 237, Cidade 37","Telefone 73268691"
"238","Cliente 238","Endereco 238, Cidade 38","Telefone 59561008"
"239","Cliente 239","Endereco 239, Cidade 39","Telefone 31531026"
"240","Cliente 240","Endereco 240, Cidade 40","Telefone 58015756"
"241","Cliente 241","Endereco 241, Cidade 41","Telefone 51402413"
"242","Cliente 242","Endereco 242, Cidade 42","Telefone 07300883"
"243","Cliente 243","Endereco 243, Cidade 43","Telefone 55497398"
"244","Cliente 244","Endereco 244, Cidade 44","Telefone 66469120"
"245","Cliente 245","Endereco 245, Cidade 45","Telefone 53381023"
"246","Cliente 246","Endereco 246, Cidade 46","Telefone 81745021"
"247","Cliente 247","Endereco 247, Cidade 47","Telefone 76829129"
"248","Cliente 248","Endereco 248, Cidade 48","Telefone 79083852"
"249","Cliente 249","Endereco 249, Cidade 49","Telefone 12536565"
"250","Cliente 250","Endereco 250, Cidade 50","Telefone 98229115"
"251","Cliente 251","Endereco 251, Cidade 51","Telefone 13564370"
"252","Cliente 252","Endereco 252, Cidade 52","Telefone 20804212"
"253","Cliente 253","Endereco 253, Cidade 53","Telefone 49739086"
"254","Cliente 254","Endereco 254, Cidade 54","Telefone 41095784"
"255","Cliente 255","Endereco 255, Cidade 55","Telefone 36694380"
"256","Cliente 256","Endereco 256, Cidade 56","Telefone 02083708"
"257","Cliente 257","Endereco 257, Cidade 57","Telefone 39746760"
"258","Cliente 258","Endereco 258, Cidade 58","Telefone 97701942"
"259","Cliente 259","Endereco 259, Cidade 59","Telefone 17183586"
"260","Cliente 260","Endereco 260, Cidade 60","Telefone 40536206"
"261","Cliente 261","Endereco 261, Cidade 61","Telefone 01318409"
"262","Cliente 262","Endereco 262, Cidade 62","Telefone 72546816"
"263","Cliente 263","Endereco 263, Cidade 63","Telefone 29201278"
"264","Cliente 264","Endereco 264, Cidade 64","Telefone 10314787"
"265","Cliente 265","Endereco 265, Cidade 65","Telefone 57275014"
"266","Cliente 266","Endereco 266, Cidade 66","Telefone 72711122"
"267","Cliente 267","Endereco 267, Cidade 67","Telefone 85513350"
"268","Cliente 268","Endereco 268, Cidade 68","Telefone 28007959"
"269","Cliente 269","Endereco 269, Cidade 69","Telefone 24297995"
"270","Cliente 270","Endereco 270, Cidade 70","Telefone 49819968"
"271","Cliente 271","Endereco 271, Cidade 71","Telefone 25101386"
"272","Cliente 272","Endereco 272, Cidade 72","Telefone 73395751"
"273","Cliente 273","Endereco 273, Cidade 73","Telefone 35717265"
"274","Cliente 274","Endereco 274, Cidade 74","Telefone 13922066"
"275","Cliente 275","Endereco 275, Cidade 75","Telefone 44979378"
"276","Cliente 276","Endereco 276, Cidade 76","Telefone 58078112"
"277","Cliente 277","Endereco 277, Cidade 77","Telefone 44638679"
"278","Cliente 278","Endereco 278, Cidade 78","Telefone 87088422"
"279","Cliente 279","Endereco 279, Cidade 79","Telefone 53289701"
"280","Cliente 280","Endereco 280, Cidade 80","Telefone 93842370"
"281","Cliente 281","Endereco 281, Cidade 81","Telefone 09618145"
"282","Cliente 282","Endereco 282, Cidade 82","Telefone 16822323"
"283","Cliente 283","Endereco 283, Cidade 83","Telefone 29683538"
"284","Cliente 284","Endereco 284, Cidade 84","Telefone 45608954"
"285","Cliente 285","Endereco 285, Cidade 85","Telefone 04590985"
"286","Cliente 286","Endereco 286, Cidade 86","Telefone 54751946"
"287","Cliente 287","Endereco 287, Cidade 87","Telefone 31106179"
"288","Cliente 288","Endereco 288, Cidade 88","Telefone 00546401"
"289","Cliente 289","Endereco 289, Cidade 89","Telefone 07431153"
"290","Cliente 290","Endereco 290, Cidade 90","Telefone 97246438"
"291","Cliente 291","Endereco 291, Cidade 91","Telefone 13313366"
"292","Cliente 292","Endereco 292, Cidade 92","Telefone 89051021"
"293","Cliente 293","Endereco 293, Cidade 93","Telefone 37291440"
"294","Cliente 294","Endereco 294, Cidade 94","Telefone 42884550"
"295","Cliente 295","Endereco 295, Cidade 95","Telefone 05589805"
"296","Cliente 296","Endereco 296, Cidade 96","Telefone 92560951"
"297","Cliente 297","Endereco 297, Cidade 97","Telefone 46823092"
"298","Cliente 298","Endereco 298, Cidade 98","Telefone 99660187"
"299","Cliente 299","Endereco 299, Cidade 99","Telefone 57486618"
"300","Cliente 300","Endereco 300, Cidade 0","Telefone 72459662"
"301","Cliente 301","Endereco 301, Cidade 1","Telefone 64823039"
"302","Cliente 302","Endereco 302, Cidade 2","Telefone 80200742"
"303","Cliente 303","Endereco 303, Cidade 3","Telefone 96900121"
"304","Cliente 304","Endereco 304, Cidade 4","Telefone 70853567"
"305","Cliente 305","Endereco 305, Cidade 5","Telefone 68786667"
"306","Cliente 306","Endereco 306, Cidade 6","Telefone 65217457"
"307","Cliente 307","Endereco 307, Cidade 7","Telefone 08012369"
"308","Cliente 308","Endereco 308, Cidade 8","Telefone 39110498"
"309","Cliente 309","Endereco 309, Cidade 9","Telefone 96356529"
"310","Cliente 310","Endereco 310, Cidade 10","Telefone 36349194"
"311","Cliente 311","Endereco 311, Cidade 11","Telefone 39858409"
"312","Cliente 312","Endereco 312, Cidade 12","Telefone 50816578"
"313","Cliente 313","Endereco 313, Cidade 13","Telefone 96199652"
"314","Cliente 314","Endereco 314, Cidade 14","Telefone 16315691"
"315","Cliente 315","Endereco 315, Cidade 15","Telefone 86578443"
"316","Cliente 316","Endereco 316, Cidade 16","Telefone 11010021"
"317","Cliente 317","Endereco 317, Cidade 17","Telefone 52541437"
"318","Cliente 318","Endereco 318, Cidade 18","Telefone 09134415"
"319","Cliente 319","Endereco 319, Cidade 19","Telefone 60977640"
"320","Cliente 320","Endereco 320, Cidade 20","Telefone 15979481"
"321","Cliente 321","Endereco 321, Cidade 21","Telefone 70441193"
"322","Cliente 322","Endereco 322, Cidade 22","Telefone 24381433"
"323","Cliente 323","Endereco 323, Cidade 23","Telefone 89684011"
"324","Cliente 324","Endereco 324, Cidade 24","Telefone 41397900"
"325","Cliente 325","Endereco 325, Cidade 25","Telefone 72874461"
"326","Cliente 326","Endereco 326, Cidade 26","Telefone 47289520"
"327","Cliente 327","Endereco 327, Cidade 27","Telefone 38280201"
"328","Cliente 328","Endereco 328, Cidade 28","Telefone 60852603"
"329","Cliente 329","Endereco 329, Cidade 29","Telefone 96949646"
"330","Cliente 330","Endereco 330, Cidade 30","Telefone 07981415"
"331","Cliente 331","Endereco 331, Cidade 31","Telefone 36395520"
"332","Cliente 332","Endereco 332, Cidade 32","Telefone 82952189"
"333","Cliente 333","Endereco 333, Cidade 33","Telefone 17181303"
"334","Cliente 334","Endereco 334, Cidade 34","Telefone 63217461"
"335","Cliente 335","Endereco 335, Cidade 35","Telefone 90321123"
"336","Cliente 336","Endereco 336, Cidade 36","Telefone 78707605"
"337","Cliente 337","Endereco 337, Cidade 37","Telefone 34126897"
"338","Cliente 338","Endereco 338, Cidade 38","Telefone 85130609"
"339","Cliente 339","Endereco 339, Cidade 39","Telefone 99660020"
"340","Cliente 340","Endereco 340, Cidade 40","Telefone 94566170"
"341","Cliente 341","Endereco 341, Cidade 41","Telefone 51776419"
"342","Cliente 342","Endereco 342, Cidade 42","Telefone 02832510"
"343","Cliente 343","Endereco 343, Cidade 43","Telefone 80696256"
"344","Cliente 344","Endereco 344, Cidade 44","Telefone 64864719"
"345","Cliente 345","Endereco 345, Cidade 45","Telefone 32484030"
"346","Cliente 346","Endereco 346, Cidade 46","Telefone 56875877"
"347","Cliente 347","Endereco 347, Cidade 47","Telefone 86848762"
"348","Cliente 348","Endereco 348, Cidade 48","Telefone 38943601"
"349","Cliente 349","Endereco 349, Cidade 49","Telefone 12915769"
"350","Cliente 350","Endereco 350, Cidade 50","Telefone 52761785"
"351","Cliente 351","Endereco 351, Cidade 51","Telefone 03503866"
"352","Cliente 352","Endereco 352, Cidade 52","Telefone 77241733"
"353","Cliente 353","Endereco 353, Cidade 53","Telefone 51282604"
"354","Cliente 354","Endereco 354, Cidade 54","Telefone 55915415"
"355","Cliente 355","Endereco 355, Cidade 55","Telefone 68929422"
"356","Cliente 356","Endereco 356, Cidade 56","Telefone 78557529"
"357","Cliente 357","Endereco 357, Cidade 57","Telefone 51116443"
"358","Cliente 358","Endereco 358, Cidade 58","Telefone 47828943"
"359","Cliente 359","Endereco 359, Cidade 59","Telefone 21990234"
"360","Cliente 360","Endereco 360, Cidade 60","Telefone 49487577"
"361","Cliente 361","Endereco 361, Cidade 61","Telefone 33542682"
"362","Cliente 362","Endereco 362, Cidade 62","Telefone 85231541"
"363","Cliente 363","Endereco 363, Cidade 63","Telefone 15274768"
"364","Cliente 364","Endereco 364, Cidade 64","Telefone 91136099"
"365","Cliente 365","Endereco 365, Cidade 65","Telefone 30075485"
"366","Cliente 366","Endereco 366, Cidade 66","Telefone 15862122"
"367","Cliente 367","Endereco 367, Cidade 67","Telefone 60296569"
"368","Cliente 368","Endereco 368, Cidade 68","Telefone 55029521"
"369","Cliente 369","Endereco 369, Cidade 69","Telefone 89234446"
"370","Cliente 370","Endereco 370, Cidade 70","Telefone 76820497"
"371","Cliente 371","Endereco 371, Cidade 71","Telefone 12407830"
"372","Cliente 372","Endereco 372, Cidade 72","Telefone 63311776"
"373","Cliente 373","Endereco 373, Cidade 73","Telefone 88376360"
"374","Cliente 374","Endereco 374, Cidade 74","Telefone 74987548"
"375","Cliente 375","Endereco 375, Cidade 75","Telefone 95930915"
"376","Cliente 376","Endereco 376, Cidade 76","Telefone 46179122"
"377","Cliente 377","Endereco 377, Cidade 77","Telefone 65620688"
"378","Cliente 378","Endereco 378, Cidade 78","Telefone 54573100"
"379","Cliente 379","Endereco 379, Cidade 79","Telefone 33353465"
"380","Cliente 380","Endereco 380, Cidade 80","Telefone 83771375"
"381","Cliente 381","Endereco 381, Cidade 81","Telefone 79459455"
"382","Cliente 382","Endereco 382, Cidade 82","Telefone 82619813"
"383","Cliente 383","Endereco 383, Cidade 83","Telefone 18363843"
"384","Cliente 384","Endereco 384, Cidade 84","Telefone 31931900"
"385","Cliente 385","Endereco 385, Cidade 85","Telefone 43577795"
"386","Cliente 386","Endereco 386, Cidade 86","Telefone 63047089"
"387","Cliente 387","Endereco 387, Cidade 87","Telefone 54689429"
"388","Cliente 388","Endereco 388, Cidade 88","Telefone 37233981"
"389","Cliente 389","Endereco 389, Cidade 89","Telefone 74225348"
"390","Cliente 390","Endereco 390, Cidade 90","Telefone 24740036"
"391","Cliente 391","Endereco 391, Cidade 91","Telefone 66124724"
"392","Cliente 392","Endereco 392, Cidade 92","Telefone 35953422"
"393","Cliente 393","Endereco 393, Cidade 93","Telefone 41675867"
"394","Cliente 394","Endereco 394, Cidade 94","Telefone 95817602"
"395","Cliente 395","Endereco 395, Cidade 95","Telefone 52178603"
"396","Cliente 396","Endereco 396, Cidade 96","Telefone 03376422"
"397","Cliente 397","Endereco 397, Cidade 97","Telefone 40993634"
"398","Cliente 398","Endereco 398, Cidade 98","Telefone 57951783"
"399","Cliente 399","Endereco 399, Cidade 99","Telefone 01584228"
"400","Cliente 400","Endereco 400, Cidade 0","Telefone 58027694"
"401","Cliente 401","Endereco 401, Cidade 1","Telefone 03579972"
"402","Cliente 402","Endereco 402, Cidade 2","Telefone 95007953"
"403","Cliente 403","Endereco 403, Cidade 3","Telefone 55743714"
"404","Cliente 404","Endereco 404, Cidade 4","Telefone 96357812"
"405","Cliente 405","Endereco 405, Cidade 5","Telefone 88463026"
"406","Cliente 406","Endereco 406, Cidade 6","Telefone 19834143"
"407","Cliente 407","Endereco 407, Cidade 7","Telefone 21327047"
"408","Cliente 408","Endereco 408, Cidade 8","Telefone 66993609"
"409","Cliente 409","Endereco 409, Cidade 9","Telefone 19926382"
"410","Cliente 410","Endereco 410, Cidade 10","Telefone 86988569"
"411","Cliente 411","Endereco 411, Cidade 11","Telefone 17071449"
"412","Cliente 412","Endereco 412, Cidade 12","Telefone 16110455"
"413","Cliente 413","Endereco 413, Cidade 13","Telefone 50092422"
"414","Cliente 414","Endereco 414, Cidade 14","Telefone 75008541"
"415","Cliente 415","Endereco 415, Cidade 15","Telefone 09190987"
"416","Cliente 416","Endereco 416, Cidade 16","Telefone 68016739"
"417","Cliente 417","Endereco 417, Cidade 17","Telefone 24438401"
"418","Cliente 418","Endereco 418, Cidade 18","Telefone 78192322"
"419","Cliente 419","Endereco 419, Cidade 19","Telefone 27028532"
"420","Cliente 420","Endereco 420, Cidade 20","Telefone 51047094"
"421","Cliente 421","Endereco 421, Cidade 21","Telefone 66284481"
"422","Cliente 422","Endereco 422, Cidade 22","Telefone 18272997"
"423","Cliente 423","Endereco 423, Cidade 23","Telefone 19535801"
"424","Cliente 424","Endereco 424, Cidade 24","Telefone 25447892"
"425","Cliente 425","Endereco 425, Cidade 25","Telefone 42733482"
"426","Cliente 426","Endereco 426, Cidade 26","Telefone 33903463"
"427","Cliente 427","Endereco 427, Cidade 27","Telefone 87457788"
"428","Cliente 428","Endereco 428, Cidade 28","Telefone 87403925"
"429","Cliente 429","Endereco 429, Cidade 29","Telefone 44639741"
"430","Cliente 430","Endereco 430, Cidade 30","Telefone 08798286"
"431","Cliente 431","Endereco 431, Cidade 31","Telefone 28391985"
"432","Cliente 432","Endereco 432, Cidade 32","Telefone 19547290"
"433","Cliente 433","Endereco 433, Cidade 33","Telefone 40664156"
"434","Cliente 434","Endereco 434, Cidade 34","Telefone 45137222"
"435","Cliente 435","Endereco 435, Cidade 35","Telefone 94398346"
"436","Cliente 436","Endereco 436, Cidade 36","Telefone 66278583"
"437","Cliente 437","Endereco 437, Cidade 37","Telefone 37797768"
"438","Cliente 438","Endereco 438, Cidade 38","Telefone 63822184"
"439","Cliente 439","Endereco 439, Cidade 39","Telefone 58250512"
"440","Cliente 440","Endereco 440, Cidade 40","Telefone 54319932"
"441","Cliente 441","Endereco 441, Cidade 41","Telefone 89369840"
"442","Cliente 442","Endereco 442, Cidade 42","Telefone 58459948"
"443","Cliente 443","Endereco 443, Cidade 43","Telefone 86475018"
"444","Cliente 444","Endereco 444, Cidade 44","Telefone 03123935"
"445","Cliente 445","Endereco 445, Cidade 45","Telefone 07917802"
"446","Cliente 446","Endereco 446, Cidade 46","Telefone 63375381"
"447","Cliente 447","Endereco 447, Cidade 47","Telefone 45123632"
"448","Cliente 448","Endereco 448, Cidade 48","Telefone 59422976"
"449","Cliente 449","Endereco 449, Cidade 49","Telefone 34960769"
"450","Cliente 450","Endereco 450, Cidade 50","Telefone 69630017"
"451","Cliente 451","Endereco 451, Cidade 51","Telefone 72463114"
"452","Cliente 452","Endereco 452, Cidade 52","Telefone 11785473"
"453","Cliente 453","Endereco 453, Cidade 53","Telefone 69292006"
"454","Cliente 454","Endereco 454, Cidade 54","Telefone 56704812"
"455","Cliente 455","Endereco 455, Cidade 55","Telefone 93349109"
"456","Cliente 456","Endereco 456, Cidade 56","Telefone 82323570"
"457","Cliente 457","Endereco 457, Cidade 57","Telefone 55694933"
"458","Cliente 458","Endereco 458, Cidade 58","Telefone 18659511"
"459","Cliente 459","Endereco 459, Cidade 59","Telefone 62169976"
"460","Cliente 460","Endereco 460, Cidade 60","Telefone 99540249"
"461","Cliente 461","Endereco 461, Cidade 61","Telefone 03042374"
"462","Cliente 462","Endereco 462, Cidade 62","Telefone 77774842"
"463","Cliente 463","Endereco 463, Cidade 63","Telefone 70674859"
"464","Cliente 464","Endereco 464, Cidade 64","Telefone 42720329"
"465","Cliente 465","Endereco 465, Cidade 65","Telefone 12177041"
"466","Cliente 466","Endereco 466, Cidade 66","Telefone 44525545"
"467","Cliente 467","Endereco 467, Cidade 67","Telefone 37086704"
"468","Cliente 468","Endereco 468, Cidade 68","Telefone 98018003"
"469","Cliente 469","Endereco 469, Cidade 69","Telefone 42906116"
"470","Cliente 470","Endereco 470, Cidade 70","Telefone 16300646"
"471","Cliente 471","Endereco 471, Cidade 71","Telefone 77129536"
"472","Cliente 472","Endereco 472, Cidade 72","Telefone 68547414"
"473","Cliente 473","Endereco 473, Cidade 73","Telefone 50652939"
"474","Cliente 474","Endereco 474, Cidade 74","Telefone 19561269"
"475","Cliente 475","Endereco 475, Cidade 75","Telefone 82920615"
"476","Cliente 476","Endereco 476, Cidade 76","Telefone 65827200"
"477","Cliente 477","Endereco 477, Cidade 77","Telefone 99021052"
"478","Cliente 478","Endereco 478, Cidade 78","Telefone 35723101"
"479","Cliente 479","Endereco 479, Cidade 79","Telefone 82947768"
"480","Cliente 480","Endereco 480, Cidade 80","Telefone 40734080"
"481","Cliente 481","Endereco 481, Cidade 81","Telefone 87429269"
"482","Cliente 482","Endereco 482, Cidade 82","Telefone 74800145"
"483","Cliente 483","Endereco 483, Cidade 83","Telefone 15037026"
"484","Cliente 484","Endereco 484, Cidade 84","Telefone 42303932"
"485","Cliente 485","Endereco 485, Cidade 85","Telefone 51100741"
"486","Cliente 486","Endereco 486, Cidade 86","Telefone 12572841"
"487","Cliente 487","Endereco 487, Cidade 87","Telefone 42072029"
"488","Cliente 488","Endereco 488, Cidade 88","Telefone 20211846"
"489","Cliente 489","Endereco 489, Cidade 89","Telefone 92717761"
"490","Cliente 490","Endereco 490, Cidade 90","Telefone 73140761"
"491","Cliente 491","Endereco 491, Cidade 91","Telefone 83048980"
"492","Cliente 492","Endereco 492, Cidade 92","Telefone 93976179"
"493","Cliente 493","Endereco 493, Cidade 93","Telefone 12472694"
"494","Cliente 494","Endereco 494, Cidade 94","Telefone 68055593"
"495","Cliente 495","Endereco 495, Cidade 95","Telefone 39356760"
"496","Cliente 496","Endereco 496, Cidade 96","Telefone 45687344"
"497","Cliente 497","Endereco 497, Cidade 97","Telefone 16719010"
"498","Cliente 498","Endereco 498, Cidade 98","Telefone 75858348"
"499","Cliente 499","Endereco 499, Cidade 99","Telefone 51927566"
"500","Cliente 500","Endereco 500, Cidade 0","Telefone 61505012"
"501","Cliente 501","Endereco 501, Cidade 1","Telefone 48720623"
"502","Cliente 502","Endereco 502, Cidade 2","Telefone 08638202"
"503","Cliente 503","Endereco 503, Cidade 3","Telefone 42717197"
"504","Cliente 504","Endereco 504, Cidade 4","Telefone 98387431"
"505","Cliente 505","Endereco 505, Cidade 5","Telefone 08893533"
"506","Cliente 506","Endereco 506, Cidade 6","Telefone 29505269"
"507","Cliente 507","Endereco 507, Cidade 7","Telefone 30285465"
"508","Cliente 508","Endereco 508, Cidade 8","Telefone 59184237"
"509","Cliente 509","Endereco 509, Cidade 9","Telefone 59319881"
"510","Cliente 510","Endereco 510, Cidade 10","Telefone 48430930"
"511","Cliente 511","Endereco 511, Cidade 11","Telefone 39499184"
"512","Cliente 512","Endereco 512, Cidade 12","Telefone 14299710"
"513","Cliente 513","Endereco 513, Cidade 13","Telefone 78957856"
"514","Cliente 514","Endereco 514, Cidade 14","Telefone 32176601"
"515","Cliente 515","Endereco 515, Cidade 15","Telefone 24586128"
"516","Cliente 516","Endereco 516, Cidade 16","Telefone 28382160"
"517","Cliente 517","Endereco 517, Cidade 17","Telefone 79684745"
"518","Cliente 518","Endereco 518, Cidade 18","Telefone 97925085"
"519","Cliente 519","Endereco 519, Cidade 19","Telefone 99373968"
"520","Cliente 520","Endereco 520, Cidade 20","Telefone 49085464"
"521","Cliente 521","Endereco 521, Cidade 21","Telefone 99006303"
"522","Cliente 522","Endereco 522, Cidade 22","Telefone 40624449"
"523","Cliente 523","Endereco 523, Cidade 23","Telefone 02617872"
"524","Cliente 524","Endereco 524, Cidade 24","Telefone 50885679"
"525","Cliente 525","Endereco 525, Cidade 25","Telefone 97991961"
"526","Cliente 526","Endereco 526, Cidade 26","Telefone 62519975"
"527","Cliente 527","Endereco 527, Cidade 27","Telefone 39373139"
"528","Cliente 528","Endereco 528, Cidade 28","Telefone 79995020"
"529","Cliente 529","Endereco 529, Cidade 29","Telefone 91331452"
"530","Cliente 530","Endereco 530, Cidade 30","Telefone 98340370"
"531","Cliente 531","Endereco 531, Cidade 31","Telefone 24944339"
"532","Cliente 532","Endereco 532, Cidade 32","Telefone 98243015"
"533","Cliente 533","Endereco 533, Cidade 33","Telefone 80345906"
"534","Cliente 534","Endereco 534, Cidade 34","Telefone 97226123"
"535","Cliente 535","Endereco 535, Cidade 35","Telefone 97347997"
"536","Cliente 536","Endereco 536, Cidade 36","Telefone 53678284"
"537","Cliente 537","Endereco 537, Cidade 37","Telefone 86608127"
"538","Cliente 538","Endereco 538, Cidade 38","Telefone 42924853"
"539","Cliente 539","Endereco 539, Cidade 39","Telefone 98328170"
"540","Cliente 540","Endereco 540, Cidade 40","Telefone 83614029"
"541","Cliente 541","Endereco 541, Cidade 41","Telefone 17042798"
"542","Cliente 542","Endereco 542, Cidade 42","Telefone 65132527"
"543","Cliente 543","Endereco 543, Cidade 43","Telefone 39856708"
"544","Cliente 544","Endereco 544, Cidade 44","Telefone 68496921"
"545","Cliente 545","Endereco 545, Cidade 45","Telefone 62037130"
"546","Cliente 546","Endereco 546, Cidade 46","Telefone 51415271"
"547","Cliente 547","Endereco 547, Cidade 47","Telefone 89287753"
"548","Cliente 548","Endereco 548, Cidade 48","Telefone 50820453"
"549","Cliente 549","Endereco 549, Cidade 49","Telefone 50344325"
"550","Cliente 550","Endereco 550, Cidade 50","Telefone 66827612"
"551","Cliente 551","Endereco 551, Cidade 51","Telefone 37895794"
"552","Cliente 552","Endereco 552, Cidade 52","Telefone 63606570"
"553","Cliente 553","Endereco 553, Cidade 53","Telefone 20806058"
"554","Cliente 554","Endereco 554, Cidade 54","Telefone 96409836"
"555","Cliente 555","Endereco 555, Cidade 55","Telefone 36910904"
"556","Cliente 556","Endereco 556, Cidade 56","Telefone 03606180"
"557","Cliente 557","Endereco 557, Cidade 57","Telefone 68123039"
"558","Cliente 558","Endereco 558, Cidade 58","Telefone 60022556"
"559","Cliente 559","Endereco 559, Cidade 59","Telefone 86186254"
"560","Cliente 560","Endereco 560, Cidade 60","Telefone 51556104"
"561","Cliente 561","Endereco 561, Cidade 61","Telefone 57644999"
"562","Cliente 562","Endereco 562, Cidade 62","Telefone 61822875"
"563","Cliente 563","Endereco 563, Cidade 63","Telefone 50986129"
"564","Cliente 564","Endereco 564, Cidade 64","Telefone 16821780"
"565","Cliente 565","Endereco 565, Cidade 65","Telefone 63634560"
"566","Cliente 566","Endereco 566, Cidade 66","Telefone 49981644"
"567","Cliente 567","Endereco 567, Cidade 67","Telefone 37858890"
"568","Cliente 568","Endereco 568, Cidade 68","Telefone 11225506"
"569","Cliente 569","Endereco 569, Cidade 69","Telefone 75267964"
"570","Cliente 570","Endereco 570, Cidade 70","Telefone 05386396"
"571","Cliente 571","Endereco 571, Cidade 71","Telefone 13862625"
"572","Cliente 572","Endereco 572, Cidade 72","Telefone 84067049"
"573","Cliente 573","Endereco 573, Cidade 73","Telefone 28628167"
"574","Cliente 574","Endereco 574, Cidade 74","Telefone 50024582"
"575","Cliente 575","Endereco 575, Cidade 75","Telefone 58253367"
"576","Cliente 576","Endereco 576, Cidade 76","Telefone 45817519"
"577","Cliente 577","Endereco 577, Cidade 77","Telefone 76419758"
"578","Cliente 578","Endereco 578, Cidade 78","Telefone 90669449"
"579","Cliente 579","Endereco 579, Cidade 79","Telefone 47950819"
"580","Cliente 580","Endereco 580, Cidade 80","Telefone 65303319"
"581","Cliente 581","Endereco 581, Cidade 81","Telefone 05994137"
"582","Cliente 582","Endereco 582, Cidade 82","Telefone 50325239"
"583","Cliente 583","Endereco 583, Cidade 83","Telefone 53293751"
"584","Cliente 584","Endereco 584, Cidade 84","Telefone 40862451"
"585","Cliente 585","Endereco 585, Cidade 85","Telefone 60461087"
"586","Cliente 586","Endereco 586, Cidade 86","Telefone 65152880"
"587","Cliente 587","Endereco 587, Cidade 87","Telefone 47406262"
"588","Cliente 588","Endereco 588, Cidade 88","Telefone 75921063"
"589","Cliente 589","Endereco 589, Cidade 89","Telefone 13657022"
"590","Cliente 590","Endereco 590, Cidade 90","Telefone 18217259"
"591","Cliente 591","Endereco 591, Cidade 91","Telefone 41936625"
"592","Cliente 592","Endereco 592, Cidade 92","Telefone 47241592"
"593","Cliente 593","Endereco 593, Cidade 93","Telefone 07338387"
"594","Cliente 594","Endereco 594, Cidade 94","Telefone 48005927"
"595","Cliente 595","Endereco 595, Cidade 95","Telefone 68286252"
"596","Cliente 596","Endereco 596, Cidade 96","Telefone 50018034"
"597","Cliente 597","Endereco 597, Cidade 97","Telefone 72380756"
"598","Cliente 598","Endereco 598, Cidade 98","Telefone 52619469"
"599","Cliente 599","Endereco 599, Cidade 99","Telefone 59631318"
"600","Cliente 600","Endereco 600, Cidade 0","Telefone 63173185"
"601","Cliente 601","Endereco 601, Cidade 1","Telefone 81936666"
"602","Cliente 602","Endereco 602, Cidade 2","Telefone 51790720"
"603","Cliente 603","Endereco 603, Cidade 3","Telefone 37009267"
"604","Cliente 604","Endereco 604, Cidade 4","Telefone 04525484"
"605","Cliente 605","Endereco 605, Cidade 5","Telefone 33207988"
"606","Cliente 606","Endereco 606, Cidade 6","Telefone 90648254"
"607","Cliente 607","Endereco 607, Cidade 7","Telefone 44419030"
"608","Cliente 608","Endereco 608, Cidade 8","Telefone 74846430"
"609","Cliente 609","Endereco 609, Cidade 9","Telefone 24527701"
"610","Cliente 610","Endereco 610, Cidade 10","Telefone 41384611"
"611","Cliente 611","Endereco 611, Cidade 11","Telefone 73527804"
"612","Cliente 612","Endereco 612, Cidade 12","Telefone 36067361"
"613","Cliente 613","Endereco 613, Cidade 13","Telefone 95639817"
"614","Cliente 614","Endereco 614, Cidade 14","Telefone 89746035"
"615","Cliente 615","Endereco 615, Cidade 15","Telefone 59186992"
"616","Cliente 616","Endereco 616, Cidade 16","Telefone 87044432"
"617","Cliente 617","Endereco 617, Cidade 17","Telefone 08961063"
"618","Cliente 618","Endereco 618, Cidade 18","Telefone 63724727"
"619","Cliente 619","Endereco 619, Cidade 19","Telefone 60622028"
"620","Cliente 620","Endereco 620, Cidade 20","Telefone 34312076"
"621","Cliente 621","Endereco 621, Cidade 21","Telefone 90317221"
"622","Cliente 622","Endereco 622, Cidade 22","Telefone 55543236"
"623","Cliente 623","Endereco 623, Cidade 23","Telefone 17450415"
"624","Cliente 624","Endereco 624, Cidade 24","Telefone 95889471"
"625","Cliente 625","Endereco 625, Cidade 25","Telefone 63267375"
"626","Cliente 626","Endereco 626, Cidade 26","Telefone 43403552"
"627","Cliente 627","Endereco 627, Cidade 27","Telefone 72313094"
"628","Cliente 628","Endereco 628, Cidade 28","Telefone 83739490"
"629","Cliente 629","Endereco 629, Cidade 29","Telefone 10313863"
"630","Cliente 630","Endereco 630, Cidade 30","Telefone 61489410"
"631","Cliente 631","Endereco 631, Cidade 31","Telefone 82284814"
"632","Cliente 632","Endereco 632, Cidade 32","Telefone 68492127"
"633","Cliente 633","Endereco 633, Cidade 33","Telefone 04889460"
"634","Cliente 634","Endereco 634, Cidade 34","Telefone 19191354"
"635","Cliente 635","Endereco 635, Cidade 35","Telefone 77016173"
"636","Cliente 636","Endereco 636, Cidade 36","Telefone 05727640"
"637","Cliente 637","Endereco 637, Cidade 37","Telefone 99818161"
"638","Cliente 638","Endereco 638, Cidade 38","Telefone 45337835"
"639","Cliente 639","Endereco 639, Cidade 39","Telefone 37583848"
"640","Cliente 640","Endereco 640, Cidade 40","Telefone 72977253"
"641","Cliente 641","Endereco 641, Cidade 41","Telefone 95988631"
"642","Cliente 642","Endereco 642, Cidade 42","Telefone 31112391"
"643","Cliente 643","Endereco 643, Cidade 43","Telefone 10928828"
"644","Cliente 644","Endereco 644, Cidade 44","Telefone 84246472"
"645","Cliente 645","Endereco 645, Cidade 45","Telefone 99267678"
"646","Cliente 646","Endereco 646, Cidade 46","Telefone 12051089"
"647","Cliente 647","Endereco 647, Cidade 47","Telefone 67629161"
"648","Cliente 648","Endereco 648, Cidade 48","Telefone 61778221"
"649","Cliente 649","Endereco 649, Cidade 49","Telefone 49544077"
"650","Cliente 650","Endereco 650, Cidade 50","Telefone 21946018"
"651","Cliente 651","Endereco 651, Cidade 51","Telefone 06847348"
"652","Cliente 652","Endereco 652, Cidade 52","Telefone 62737414"
"653","Cliente 653","Endereco 653, Cidade 53","Telefone 56585412"
"654","Cliente 654","Endereco 654, Cidade 54","Telefone 59605975"
"655","Cliente 655","Endereco 655, Cidade 55","Telefone 74356100"
"656","Cliente 656","Endereco 656, Cidade 56","Telefone 18397990"
"657","Cliente 657","Endereco 657, Cidade 57","Telefone 03190172"
"658","Cliente 658","Endereco 658, Cidade 58","Telefone 80134003"
"659","Cliente 659","Endereco 659, Cidade 59","Telefone 49327754"
"660","Cliente 660","Endereco 660, Cidade 60","Telefone 68103151"
"661","Cliente 661","Endereco 661, Cidade 61","Telefone 49481340"
"662","Cliente 662","Endereco 662, Cidade 62","Telefone 52845388"
"663","Cliente 663","Endereco 663, Cidade 63","Telefone 71434234"
"664","Cliente 664","Endereco 664, Cidade 64","Telefone 81761204"
"665","Cliente 665","Endereco 665, Cidade 65","Telefone 30388767"
"666","Cliente 666","Endereco 666, Cidade 66","Telefone 42870759"
"667","Cliente 667","Endereco 667, Cidade 67","Telefone 51240537"
"668","Cliente 668","Endereco 668, Cidade 68","Telefone 72642513"
"669","Cliente 669","Endereco 669, Cidade 69","Telefone 15294749"
"670","Cliente 670","Endereco 670, Cidade 70","Telefone 46343549"
"671","Cliente 671","Endereco 671, Cidade 71","Telefone 27127633"
"672","Cliente 672","Endereco 672, Cidade 72","Telefone 95265280"
"673","Cliente 673","Endereco 673, Cidade 73","Telefone 55504102"
"674","Cliente 674","Endereco 674, Cidade 74","Telefone 39548723"
"675","Cliente 675","Endereco 675, Cidade 75","Telefone 83598812"
"676","Cliente 676","Endereco 676, Cidade 76","Telefone 46883740"
"677","Cliente 677","Endereco 677, Cidade 77","Telefone 90258050"
"678","Cliente 678","Endereco 678, Cidade 78","Telefone 31208194"
"679","Cliente 679","Endereco 679, Cidade 79","Telefone 23554117"
"680","Cliente 680","Endereco 680, Cidade 80","Telefone 76144067"
"681","Cliente 681","Endereco 681, Cidade 81","Telefone 13057787"
"682","Cliente 682","Endereco 682, Cidade 82","Telefone 54073519"
"683","Cliente 683","Endereco 683, Cidade 83","Telefone 00652544"
"684","Cliente 684","Endereco 684, Cidade 84","Telefone 65484998"
"685","Cliente 685","Endereco 685, Cidade 85","Telefone 66714254"
"686","Cliente 686","Endereco 686, Cidade 86","Telefone 38464429"
"687","Cliente 687","Endereco 687, Cidade 87","Telefone 66374814"
"688","Cliente 688","Endereco 688, Cidade 88","Telefone 77033168"
"689","Cliente 689","Endereco 689, Cidade 89","Telefone 17771046"
"690","Cliente 690","Endereco 690, Cidade 90","Telefone 44764144"
"691","Cliente 691","Endereco 691, Cidade 91","Telefone 10673941"
"692","Cliente 692","Endereco 692, Cidade 92","Telefone 90773228"
"693","Cliente 693","Endereco 693, Cidade 93","Telefone 63766956"
"694","Cliente 694","Endereco 694, Cidade 94","Telefone 17371267"
"695","Cliente 695","Endereco 695, Cidade 95","Telefone 61059909"
"696","Cliente 696","Endereco 696, Cidade 96","Telefone 16759368"
"697","Cliente 697","Endereco 697, Cidade 97","Telefone 66336062"
"698","Cliente 698","Endereco 698, Cidade 98","Telefone 08510278"
"699","Cliente 699","Endereco 699, Cidade 99","Telefone 27152514"
"700","Cliente 700","Endereco 700, Cidade 0","Telefone 44362629"
"701","Cliente 701","Endereco 701, Cidade 1","Telefone 64192990"
"702","Cliente 702","Endereco 702, Cidade 2","Telefone 43361251"
"703","Cliente 703","Endereco 703, Cidade 3","Telefone 78340348"
"704","Cliente 704","Endereco 704, Cidade 4","Telefone 97491441"
"705","Cliente 705","Endereco 705, Cidade 5","Telefone 69151765"
"706","Cliente 706","Endereco 706, Cidade 6","Telefone 19423280"
"707","Cliente 707","Endereco 707, Cidade 7","Telefone 67769492"
"708","Cliente 708","Endereco 708, Cidade 8","Telefone 64929936"
"709","Cliente 709","Endereco 709, Cidade 9","Telefone 82736234"
"710","Cliente 710","Endereco 710, Cidade 10","Telefone 46970574"
"711","Cliente 711","Endereco 711, Cidade 11","Telefone 47097214"
"712","Cliente 712","Endereco 712, Cidade 12","Telefone 87337153"
"713","Cliente 713","Endereco 713, Cidade 13","Telefone 00741503"
"714","Cliente 714","Endereco 714, Cidade 14","Telefone 48183122"
"715","Cliente 715","Endereco 715, Cidade 15","Telefone 11339174"
"716","Cliente 716","Endereco 716, Cidade 16","Telefone 25479374"
"717","Cliente 717","Endereco 717, Cidade 17","Telefone 30394009"
"718","Cliente 718","Endereco 718, Cidade 18","Telefone 33490270"
"719","Cliente 719","Endereco 719, Cidade 19","Telefone 77367736"
"720","Cliente 720","Endereco 720, Cidade 20","Telefone 14379955"
"721","Cliente 721","Endereco 721, Cidade 21","Telefone 14883801"
"722","Cliente 722","Endereco 722, Cidade 22","Telefone 40843637"
"723","Cliente 723","Endereco 723, Cidade 23","Telefone 79569660"
"724","Cliente 724","Endereco 724, Cidade 24","Telefone 19822460"
"725","Cliente 725","Endereco 725, Cidade 25","Telefone 85495317"
"726","Cliente 726","Endereco 726, Cidade 26","Telefone 24309363"
"727","Cliente 727","Endereco 727, Cidade 27","Telefone 42026712"
"728","Cliente 728","Endereco 728, Cidade 28","Telefone 98132363"
"729","Cliente 729","Endereco 729, Cidade 29","Telefone 39034522"
"730","Cliente 730","Endereco 730, Cidade 30","Telefone 96067693"
"731","Cliente 731","Endereco 731, Cidade 31","Telefone 24742253"
"732","Cliente 732","Endereco 732, Cidade 32","Telefone 68977809"
"733","Cliente 733","Endereco 733, Cidade 33","Telefone 49437130"
"734","Cliente 734","Endereco 734, Cidade 34","Telefone 24259307"
"735","Cliente 735","Endereco 735, Cidade 35","Telefone 39812709"
"736","Cliente 736","Endereco 736, Cidade 36","Telefone 97528642"
"737","Cliente 737","Endereco 737, Cidade 37","Telefone 39067162"
"738","Cliente 738","Endereco 738, Cidade 38","Telefone 31054035"
"739","Cliente 739","Endereco 739, Cidade 39","Telefone 92926940"
"740","Cliente 740","Endereco 740, Cidade 40","Telefone 04438202"
"741","Cliente 741","Endereco 741, Cidade 41","Telefone 79335383"
"742","Cliente 742","Endereco 742, Cidade 42","Telefone 35899466"
"743","Cliente 743","Endereco 743, Cidade 43","Telefone 88860874"
"744","Cliente 744","Endereco 744, Cidade 44","Telefone 54166321"
"745","Cliente 745","Endereco 745, Cidade 45","Telefone 78876401"
"746","Cliente 746","Endereco 746, Cidade 46","Telefone 14161761"
"747","Cliente 747","Endereco 747, Cidade 47","Telefone 18555334"
"748","Cliente 748","Endereco 748, Cidade 48","Telefone 17891534"
"749","Cliente 749","Endereco 749, Cidade 49","Telefone 72574947"
"750","Cliente 750","Endereco 750, Cidade 50","Telefone 65790324"
"751","Cliente 751","Endereco 751, Cidade 51","Telefone 42040082"
"752","Cliente 752","Endereco 752, Cidade 52","Telefone 89689420"
"753","Cliente 753","Endereco 753, Cidade 53","Telefone 01029933"
"754","Cliente 754","Endereco 754, Cidade 54","Telefone 17000059"
"755","Cliente 755","Endereco 755, Cidade 55","Telefone 53105649"
"756","Cliente 756","Endereco 756, Cidade 56","Telefone 97844488"
"757","Cliente 757","Endereco 757, Cidade 57","Telefone 42295542"
"758","Cliente 758","Endereco 758, Cidade 58","Telefone 81850577"
"759","Cliente 759","Endereco 759, Cidade 59","Telefone 05162158"
"760","Cliente 760","Endereco 760, Cidade 60","Telefone 33575344"
"761","Cliente 761","Endereco 761, Cidade 61","Telefone 17588421"
"762","Cliente 762","Endereco 762, Cidade 62","Telefone 27139536"
"763","Cliente 763","Endereco 763, Cidade 63","Telefone 29006691"
"764","Cliente 764","Endereco 764, Cidade 64","Telefone 28432992"
"765","Cliente 765","Endereco 765, Cidade 65","Telefone 41938922"
"766","Cliente 766","Endereco 766, Cidade 66","Telefone 31047093"
"767","Cliente 767","Endereco 767, Cidade 67","Telefone 50771941"
"768","Cliente 768","Endereco 768, Cidade 68","Telefone 88520662"
"769","Cliente 769","Endereco 769, Cidade 69","Telefone 54033677"
"770","Cliente 770","Endereco 770, Cidade 70","Telefone 40511722"
"771","Cliente 771","Endereco 771, Cidade 71","Telefone 29996831"
"772","Cliente 772","Endereco 772, Cidade 72","Telefone 02960801"
"773","Cliente 773","Endereco 773, Cidade 73","Telefone 06973767"
"774","Cliente 774","Endereco 774, Cidade 74","Telefone 45674663"
"775","Cliente 775","Endereco 775, Cidade 75","Telefone 35097996"
"776","Cliente 776","Endereco 776, Cidade 76","Telefone 30319118"
"777","Cliente 777","Endereco 777, Cidade 77","Telefone 53568687"
"778","Cliente 778","Endereco 778, Cidade 78","Telefone 63962112"
"779","Cliente 779","Endereco 779, Cidade 79","Telefone 57642937"
"780","Cliente 780","Endereco 780, Cidade 80","Telefone 38592607"
"781","Cliente 781","Endereco 781, Cidade 81","Telefone 69863051"
"782","Cliente 782","Endereco 782, Cidade 82","Telefone 89225040"
"783","Cliente 783","Endereco 783, Cidade 83","Telefone 01981397"
"784","Cliente 784","Endereco 784, Cidade 84","Telefone 50057058"
"785","Cliente 785","Endereco 785, Cidade 85","Telefone 29421663"
"786","Cliente 786","Endereco 786, Cidade 86","Telefone 32187855"
"787","Cliente 787","Endereco 787, Cidade 87","Telefone 61406350"
"788","Cliente 788","Endereco 788, Cidade 88","Telefone 81438428"
"789","Cliente 789","Endereco 789, Cidade 89","Telefone 77641775"
"790","Cliente 790","Endereco 790, Cidade 90","Telefone 74900562"
"791","Cliente 791","Endereco 791, Cidade 91","Telefone 62531919"
"792","Cliente 792","Endereco 792, Cidade 92","Telefone 86467354"
"793","Cliente 793","Endereco 793, Cidade 93","Telefone 53652261"
"794","Cliente 794","Endereco 794, Cidade 94","Telefone 46017717"
"795","Cliente 795","Endereco 795, Cidade 95","Telefone 30690871"
"796","Cliente 796","Endereco 796, Cidade 96","Telefone 16512848"
"797","Cliente 797","Endereco 797, Cidade 97","Telefone 21812025"
"798","Cliente 798","Endereco 798, Cidade 98","Telefone 49019613"
"799","Cliente 799","Endereco 799, Cidade 99","Telefone 32764071"
"800","Cliente 800","Endereco 800, Cidade 0","Telefone 53434692"
"801","Cliente 801","Endereco 801, Cidade 1","Telefone 46409442"
"802","Cliente 802","Endereco 802, Cidade 2","Telefone 06286365"
"803","Cliente 803","Endereco 803, Cidade 3","Telefone 37470919"
"804","Cliente 804","Endereco 804, Cidade 4","Telefone 14036690"
"805","Cliente 805","Endereco 805, Cidade 5","Telefone 35303884"
"806","Cliente 806","Endereco 806, Cidade 6","Telefone 12431025"
"807","Cliente 807","Endereco 807, Cidade 7","Telefone 46153883"
"808","Cliente 808","Endereco 808, Cidade 8","Telefone 95784428"
"809","Cliente 809","Endereco 809, Cidade 9","Telefone 41343875"
"810","Cliente 810","Endereco 810, Cidade 10","Telefone 44276151"
"811","Cliente 811","Endereco 811, Cidade 11","Telefone 97279394"
"812","Cliente 812","Endereco 812, Cidade 12","Telefone 46733375"
"813","Cliente 813","Endereco 813, Cidade 13","Telefone 43122304"
"814","Cliente 814","Endereco 814, Cidade 14","Telefone 47320156"
"815","Cliente 815","Endereco 815, Cidade 15","Telefone 98353909"
"816","Cliente 816","Endereco 816, Cidade 16","Telefone 66148955"
"817","Cliente 817","Endereco 817, Cidade 17","Telefone 24463512"
"818","Cliente 818","Endereco 818, Cidade 18","Telefone 54658859"
"819","Cliente 819","Endereco 819, Cidade 19","Telefone 50453348"
"820","Cliente 820","Endereco 820, Cidade 20","Telefone 41842047"
"821","Cliente 821","Endereco 821, Cidade 21","Telefone 07275764"
"822","Cliente 822","Endereco 822, Cidade 22","Telefone 30420708"
"823","Cliente 823","Endereco 823, Cidade 23","Telefone 22761601"
"824","Cliente 824","Endereco 824, Cidade 24","Telefone 39966829"
"825","Cliente 825","Endereco 825, Cidade 25","Telefone 79349598"
"826","Cliente 826","Endereco 826, Cidade 26","Telefone 58649386"
"827","Cliente 827","Endereco 827, Cidade 27","Telefone 32674138"
"828","Cliente 828","Endereco 828, Cidade 28","Telefone 54507634"
"829","Cliente 829","Endereco 829, Cidade 29","Telefone 30377796"
"830","Cliente 830","Endereco 830, Cidade 30","Telefone 07760757"
"831","Cliente 831","Endereco 831, Cidade 31","Telefone 86395011"
"832","Cliente 832","Endereco 832, Cidade 32","Telefone 69229535"
"833","Cliente 833","Endereco 833, Cidade 33","Telefone 46633791"
"834","Cliente 834","Endereco 834, Cidade 34","Telefone 59922519"
"835","Cliente 835","Endereco 835, Cidade 35","Telefone 19562377"
"836","Cliente 836","Endereco 836, Cidade 36","Telefone 16696088"
"837","Cliente 837","Endereco 837, Cidade 37","Telefone 43987191"
"838","Cliente 838","Endereco 838, Cidade 38","Telefone 02920242"
"839","Cliente 839","Endereco 839, Cidade 39","Telefone 27138720"
"840","Cliente 840","Endereco 840, Cidade 40","Telefone 06505460"
"841","Cliente 841","Endereco 841, Cidade 41","Telefone 92929320"
"842","Cliente 842","Endereco 842, Cidade 42","Telefone 92737540"
"843","Cliente 843","Endereco 843, Cidade 43","Telefone 02549152"
"844","Cliente 844","Endereco 844, Cidade 44","Telefone 44761026"
"845","Cliente 845","Endereco 845, Cidade 45","Telefone 00807177"
"846","Cliente 846","Endereco 846, Cidade 46","Telefone 95220588"
"847","Cliente 847","Endereco 847, Cidade 47","Telefone 45290318"
"848","Cliente 848","Endereco 848, Cidade 48","Telefone 11675367"
"849","Cliente 849","Endereco 849, Cidade 49","Telefone 00461948"
"850","Cliente 850","Endereco 850, Cidade 50","Telefone 05296991"
"851","Cliente 851","Endereco 851, Cidade 51","Telefone 48614575"
"852","Cliente 852","Endereco 852, Cidade 52","Telefone 68606630"
"853","Cliente 853","Endereco 853, Cidade 53","Telefone 32094436"
"854","Cliente 854","Endereco 854, Cidade 54","Telefone 20738349"
"855","Cliente 855","Endereco 855, Cidade 55","Telefone 42569327"
"856","Cliente 856","Endereco 856, Cidade 56","Telefone 08936167"
"857","Cliente 857","Endereco 857, Cidade 57","Telefone 54098173"
"858","Cliente 858","Endereco 858, Cidade 58","Telefone 20966289"
"859","Cliente 859","Endereco 859, Cidade 59","Telefone 28404847"
"860","Cliente 860","Endereco 860, Cidade 60","Telefone 84061883"
"861","Cliente 861","Endereco 861, Cidade 61","Telefone 87163273"
"862","Cliente 862","Endereco 862, Cidade 62","Telefone 05767872"
"863","Cliente 863","Endereco 863, Cidade 63","Telefone 65834015"
"864","Cliente 864","Endereco 864, Cidade 64","Telefone 73762101"
"865","Cliente 865","Endereco 865, Cidade 65","Telefone 53816860"
"866","Cliente 866","Endereco 866, Cidade 66","Telefone 33825355"
"867","Cliente 867","Endereco 867, Cidade 67","Telefone 08420048"
"868","Cliente 868","Endereco 868, Cidade 68","Telefone 63690447"
"869","Cliente 869","Endereco 869, Cidade 69","Telefone 08162142"
"870","Cliente 870","Endereco 870, Cidade 70","Telefone 23359365"
"871","Cliente 871","Endereco 871, Cidade 71","Telefone 49814202"
"872","Cliente 872","Endereco 872, Cidade 72","Telefone 87359414"
"873","Cliente 873","Endereco 873, Cidade 73","Telefone 06341651"
"874","Cliente 874","Endereco 874, Cidade 74","Telefone 74516413"
"875","Cliente 875","Endereco 875, Cidade 75","Telefone 24013164"
"876","Cliente 876","Endereco 876, Cidade 76","Telefone 90041449"
"877","Cliente 877","Endereco 877, Cidade 77","Telefone 61220814"
"878","Cliente 878","Endereco 878, Cidade 78","Telefone 57907134"
"879","Cliente 879","Endereco 879, Cidade 79","Telefone 18294330"
"880","Cliente 880","Endereco 880, Cidade 80","Telefone 22328418"
"881","Cliente 881","Endereco 881, Cidade 81","Telefone 51076003"
"882","Cliente 882","Endereco 882, Cidade 82","Telefone 68204485"
"883","Cliente 883","Endereco 883, Cidade 83","Telefone 66253139"
"884","Cliente 884","Endereco 884, Cidade 84","Telefone 01820532"
"885","Cliente 885","Endereco 885, Cidade 85","Telefone 38489564"
"886","Cliente 886","Endereco 886, Cidade 86","Telefone 45105259"
"887","Cliente 887","Endereco 887, Cidade 87","Telefone 38576749"
"888","Cliente 888","Endereco 888, Cidade 88","Telefone 19764605"
"889","Cliente 889","Endereco 889, Cidade 89","Telefone 04409487"
"890","Cliente 890","Endereco 890, Cidade 90","Telefone 05208852"
"891","Cliente 891","Endereco 891, Cidade 91","Telefone 04655671"
"892","Cliente 892","Endereco 892, Cidade 92","Telefone 95300484"
"893","Cliente 893","Endereco 893, Cidade 93","Telefone 53578054"
"894","Cliente 894","Endereco 894, Cidade 94","Telefone 40121839"
"895","Cliente 895","Endereco 895, Cidade 95","Telefone 73195546"
"896","Cliente 896","Endereco 896, Cidade 96","Telefone 59123528"
"897","Cliente 897","Endereco 897, Cidade 97","Telefone 46684283"
"898","Cliente 898","Endereco 898, Cidade 98","Telefone 54345769"
"899","Cliente 899","Endereco 899, Cidade 99","Telefone 14590299"
"900","Cliente 900","Endereco 900, Cidade 0","Telefone 98610192"
"901","Cliente 901","Endereco 901, Cidade 1","Telefone 22931100"
"902","Cliente 902","Endereco 902, Cidade 2","Telefone 62535223"
"903","Cliente 903","Endereco 903, Cidade 3","Telefone 10675660"
"904","Cliente 904","Endereco 904, Cidade 4","Telefone 74984891"
"905","Cliente 905","Endereco 905, Cidade 5","Telefone 50543627"
"906","Cliente 906","Endereco 906, Cidade 6","Telefone 61858565"
"907","Cliente 907","Endereco 907, Cidade 7","Telefone 37015629"
"908","Cliente 908","Endereco 908, Cidade 8","Telefone 99663948"
"909","Cliente 909","Endereco 909, Cidade 9","Telefone 45682770"
"910","Cliente 910","Endereco 910, Cidade 10","Telefone 31471043"
"911","Cliente 911","Endereco 911, Cidade 11","Telefone 20077664"
"912","Cliente 912","Endereco 912, Cidade 12","Telefone 71904635"
"913","Cliente 913","Endereco 913, Cidade 13","Telefone 76767023"
"914","Cliente 914","Endereco 914, Cidade 14","Telefone 36388668"
"915","Cliente 915","Endereco 915, Cidade 15","Telefone 34567069"
"916","Cliente 916","Endereco 916, Cidade 16","Telefone 05380962"
"917","Cliente 917","Endereco 917, Cidade 17","Telefone 33555342"
"918","Cliente 918","Endereco 918, Cidade 18","Telefone 26201397"
"919","Cliente 919","Endereco 919, Cidade 19","Telefone 15453991"
"920","Cliente 920","Endereco 920, Cidade 20","Telefone 02480454"
"921","Cliente 921","Endereco 921, Cidade 21","Telefone 05139824"
"922","Cliente 922","Endereco 922, Cidade 22","Telefone 04311165"
"923","Cliente 923","Endereco 923, Cidade 23","Telefone 61518814"
"924","Cliente 924","Endereco 924, Cidade 24","Telefone 27904534"
"925","Cliente 925","Endereco 925, Cidade 25","Telefone 12779724"
"926","Cliente 926","Endereco 926, Cidade 26","Telefone 53003395"
"927","Cliente 927","Endereco 927, Cidade 27","Telefone 58943414"
"928","Cliente 928","Endereco 928, Cidade 28","Telefone 93736530"
"929","Cliente 929","Endereco 929, Cidade 29","Telefone 23346367"
"930","Cliente 930","Endereco 930, Cidade 30","Telefone 30409852"
"931","Cliente 931","Endereco 931, Cidade 31","Telefone 38680214"
"932","Cliente 932","Endereco 932, Cidade 32","Telefone 28365045"
"933","Cliente 933","Endereco 933, Cidade 33","Telefone 68211287"
"934","Cliente 934","Endereco 934, Cidade 34","Telefone 63502360"
"935","Cliente 935","Endereco 935, Cidade 35","Telefone 96153538"
"936","Cliente 936","Endereco 936, Cidade 36","Telefone 45714152"
"937","Cliente 937","Endereco 937, Cidade 37","Telefone 15411361"
"938","Cliente 938","Endereco 938, Cidade 38","Telefone 82391278"
"939","Cliente 939","Endereco 939, Cidade 39","Telefone 15622427"
"940","Cliente 940","Endereco 940, Cidade 40","Telefone 27588992"
"941","Cliente 941","Endereco 941, Cidade 41","Telefone 57799087"
"942","Cliente 942","Endereco 942, Cidade 42","Telefone 64867466"
"943","Cliente 943","Endereco 943, Cidade 43","Telefone 57951965"
"944","Cliente 944","Endereco 944, Cidade 44","Telefone 51979048"
"945","Cliente 945","Endereco 945, Cidade 45","Telefone 47295436"
"946","Cliente 946","Endereco 946, Cidade 46","Telefone 65460818"
"947","Cliente 947","Endereco 947, Cidade 47","Telefone 99515568"
"948","Cliente 948","Endereco 948, Cidade 48","Telefone 00855812"
"949","Cliente 949","Endereco 949, Cidade 49","Telefone 23984996"
"950","Cliente 950","Endereco 950, Cidade 50","Telefone 89689897"
"951","Cliente 951","Endereco 951, Cidade 51","Telefone 13022525"
"952","Cliente 952","Endereco 952, Cidade 52","Telefone 48430290"
"953","Cliente 953","Endereco 953, Cidade 53","Telefone 50452004"
"954","Cliente 954","Endereco 954, Cidade 54","Telefone 09891589"
"955","Cliente 955","Endereco 955, Cidade 55","Telefone 58749590"
"956","Cliente 956","Endereco 956, Cidade 56","Telefone 18886235"
"957","Cliente 957","Endereco 957, Cidade 57","Telefone 21024578"
"958","Cliente 958","Endereco 958, Cidade 58","Telefone 29255446"
"959","Cliente 959","Endereco 959, Cidade 59","Telefone 72185513"
"960","Cliente 960","Endereco 960, Cidade 60","Telefone 88988271"
"961","Cliente 961","Endereco 961, Cidade 61","Telefone 00446376"
"962","Cliente 962","Endereco 962, Cidade 62","Telefone 97433621"
"963","Cliente 963","Endereco 963, Cidade 63","Telefone 95113166"
"964","Cliente 964","Endereco 964, Cidade 64","Telefone 52616893"
"965","Cliente 965","Endereco 965, Cidade 65","Telefone 27479324"
"966","Cliente 966","Endereco 966, Cidade 66","Telefone 92713109"
"967","Cliente 967","Endereco 967, Cidade 67","Telefone 46500297"
"968","Cliente 968","Endereco 968, Cidade 68","Telefone 06469727"
"969","Cliente 969","Endereco 969, Cidade 69","Telefone 71249521"
"970","Cliente 970","Endereco 970, Cidade 70","Telefone 23532521"
"971","Cliente 971","Endereco 971, Cidade 71","Telefone 80608055"
"972","Cliente 972","Endereco 972, Cidade 72","Telefone 87898308"
"973","Cliente 973","Endereco 973, Cidade 73","Telefone 58355436"
"974","Cliente 974","Endereco 974, Cidade 74","Telefone 05953509"
"975","Cliente 975","Endereco 975, Cidade 75","Telefone 43675930"
"976","Cliente 976","Endereco 976, Cidade 76","Telefone 99135300"
"977","Cliente 977","Endereco 977, Cidade 77","Telefone 23150767"
"978","Cliente 978","Endereco 978, Cidade 78","Telefone 41731152"
"979","Cliente 979","Endereco 979, Cidade 79","Telefone 18934246"
"980","Cliente 980","Endereco 980, Cidade 80","Telefone 28207125"
"981","Cliente 981","Endereco 981, Cidade 81","Telefone 08531888"
"982","Cliente 982","Endereco 982, Cidade 82","Telefone 22225779"
"983","Cliente 983","Endereco 983, Cidade 83","Telefone 69824923"
"984","Cliente 984","Endereco 984, Cidade 84","Telefone 73765365"
"985","Cliente 985","Endereco 985, Cidade 85","Telefone 38740553"
"986","Cliente 986","Endereco 986, Cidade 86","Telefone 30944805"
"987","Cliente 987","Endereco 987, Cidade 87","Telefone 48546474"
"988","Cliente 988","Endereco 988, Cidade 88","Telefone 59100993"
"989","Cliente 989","Endereco 989, Cidade 89","Telefone 92329474"
"990","Cliente 990","Endereco 990, Cidade 90","Telefone 81621452"
"991","Cliente 991","Endereco 991, Cidade 91","Telefone 80752264"
"992","Cliente 992","Endereco 992, Cidade 92","Telefone 67208847"
"993","Cliente 993","Endereco 993, Cidade 93","Telefone 95740753"
"994","Cliente 994","Endereco 994, Cidade 94","Telefone 43615708"
"995","Cliente 995","Endereco 995, Cidade 95","Telefone 62504866"
"996","Cliente 996","Endereco 996, Cidade 96","Telefone 86144671"
"997","Cliente 997","Endereco 997, Cidade 97","Telefone 77029118"
"998","Cliente 998","Endereco 998, Cidade 98","Telefone 13731080"
"999","Cliente 999","Endereco 999, Cidade 99","Telefone 13689262"
"1000","Cliente 1000","Endereco 1000, Cidade 0","Telefone 12847238"
